{"version": {"json_export": "175", "page_segmentation": "5", "schema": "1.1.0", "structure": "1.989.0", "table_structure": "5"}, "extended_metadata": {"ID_instance": "AA 9F 38 EF 94 B4 B2 11 0A 00 67 45 8B 6B C6 23 ", "ID_permanent": "46 36 20 36 33 20 33 36 20 45 46 20 39 34 20 42 34 20 42 32 20 31 31 20 30 41 20 30 30 20 36 37 20 34 35 20 38 42 20 36 42 20 43 36 20 32 33 20 ", "pdf_version": "1.6", "pdfa_compliance_level": "", "is_encrypted": false, "has_acroform": false, "is_digitally_signed": false, "pdfua_compliance_level": "", "page_count": 1, "has_embedded_files": false, "is_certified": false, "is_XFA": false, "language": ""}, "elements": [{"Bounds": [18.32000732421875, 26.1199951171875, 765.1999969482422, 1197.1999969482422], "ClipBounds": [18.32000732421875, 26.1199951171875, 765.1999969482422, 1197.1999969482422], "Page": 0, "Path": "//Document/Figure", "attributes": {"BBox": [18.839199999999437, 26.328699999999117, 764.7289999999921, 1197.0], "Placement": "Block"}}], "pages": [{"boxes": {"CropBox": [0.0, 0.0, 792.0, 1224.0], "MediaBox": [0.0, 0.0, 792.0, 1224.0]}, "height": 1224.0, "is_scanned": false, "page_number": 0, "rotation": 270, "width": 792.0}]}